URL,최종 크롤링
https://ambitstock.com/entry/넷플릭스-인기-순위-더-인플루언서-과즙세연-오킹-근황-이슈논란-속-1위-유지,2026-03-17
https://ambitstock.com/entry/넷플릭스-인기-순위-터미네이터-제로-일본-후기-결말-테미네이터-1-2-이후-최고의-작품,2026-03-17
https://ambitstock.com/entry/해관전선-관람평-후기-뜻-해석-홍콩영화-이제-진짜-보내줄까,2026-03-17
https://ambitstock.com/entry/어벤져스5-로다주-닥터-둠-능력-과학에-마법까지-마블-코믹스-원작-총정리-4,2026-03-17
https://ambitstock.com/entry/더-킬러스-관람평-결말-후기-리뷰-줄거리-내용을-바탕으로-뜻-의미-해석하기-해외에서도-극찬-로튼-토마토-반응-헤밍웨이-원작,2026-03-17
https://ambitstock.com/entry/요즘-넷플릭스-영화-왜이래-딜리버런스-뜻-의미-해외-평점과-후기-반응-공포,2026-03-17
https://ambitstock.com/entry/월레스와-그로밋-복수의-날개-관람평-제작-포토-후기-펭귄-로튼-토마토-평점-100-1등-작품,2026-03-16
https://ambitstock.com/entry/최애의-아이-시즌-2기-일본-현지-반응-해외-평점-리뷰-OTT-다시-보는곳-총정리,2026-03-16
https://ambitstock.com/entry/시빌-워-분열의-시대-정보-출연진-관람평-뜻-해석-포토-로튼-토마토-평론가-평점-신선도-보증,2026-03-16
https://ambitstock.com/entry/넷플릭스-영화-추천-리스트-이동진-평론가가-만점-준-볼만한-명작영화-TOP-10,2026-03-16
https://ambitstock.com/tag/티스토리챌린지,2026-03-15
https://ambitstock.com/entry/살인장난감-해외반응-평점-결말-노출-수위를-유의하세요-넷플릭스-현재-상영작-드라마-추천-시즌2는,2026-03-15
https://ambitstock.com/entry/6888-중앙우편대대-The-Six-Triple-Eight-정보-넷플릭스-추천영화-평점-순위-진짜-PC영화를-향해-갈린-국내-해외반응,2026-03-15
https://ambitstock.com/entry/모스크바-미션-관람평-평점-결말후기-해외-반응-유덕화-장한위-주연-중국-액션-영화,2026-03-15
https://ambitstock.com/entry/현재상영작-영화-예매-순위-관객수-2025년-2월-TOP10,2026-03-15
https://ambitstock.com/tag/드라마 추천,2026-03-14
https://ambitstock.com/entry/서브스턴스-뜻-의미-해외-시사회-관람평-정보-2024년-12월-영화-개봉-예정작,2026-03-13
https://ambitstock.com/entry/어벤져스-둠스데이-뜻-줄거리-내용-설명-닥터-둠-완벽정리-시리즈-5편,2026-03-13
https://ambitstock.com/entry/2025년-가장-논란이-된-공포영화-웨폰Weapons-관람평-리뷰｜평론가·관객-반응-총정리,2026-03-13
https://ambitstock.com/entry/넷플릭스-영화-추천-박평식-평론가의-7점은-97점이다-명작-영화-평점-순위-TOP-10,2026-03-13
https://ambitstock.com/entry/넷플릭스-시리즈-인기-순위-추천-실화-기반-괴물-메넨-데즈-형제-이야기-주요-등장인물-평점-해외-반응,2026-03-13
https://ambitstock.com/entry/체인소-맨-1위-레제편-흥행-질주｜MAPPA-작품-굿즈-대란까지-한-번에-정리,2026-03-12
https://ambitstock.com/entry/브루탈리스트-영화-제목-뜻-해석-관람평-포토-후기-215분간의-진짜-영화,2026-03-12
https://ambitstock.com/entry/블링크-트와이스-뜻-의미-해석-평점-예매-할까-말까-로튼-토마토-신선도-보증-마크-획득-영화,2026-03-12
https://ambitstock.com/entry/넷플릭스-영화-봄이-사라진-세계-평점-결말-포함-해외리뷰-영어-일본어-제목-뜻,2026-03-12
https://ambitstock.com/entry/캡틴-아메리카-브레이브-뉴-월드-4-뜻-예매-1위-평점-결말-후기-마블-영화,2026-03-12
https://ambitstock.com/tag/스위트홈,2026-03-12
https://ambitstock.com/entry/피스-바이-피스-관람평-뜻-해석-퍼렐-윌리엄스-역사를-레고-영화로,2026-03-12
https://ambitstock.com/tag/개봉 예정작,2026-03-12
https://ambitstock.com/entry/크리스토퍼-놀란-영화-중-꼴찌-테넷-해외-로튼토마토-IMDB-평점은-넷플릭스-시청가능,2026-03-12
https://ambitstock.com/m/category,2026-03-12
https://ambitstock.com/entry/넷플릭스-영화-추천-어글리-볼만한가-제목-뜻-해외-평점-시즌-2부-후속작도,2026-03-12
https://ambitstock.com/m/entry/2025년-9월-현재상영작-영화-예매-순위-인기-TOP10,2026-03-12
https://ambitstock.com/entry/애시드-레인-죽음의-비-뜻-관람평-리뷰-해외-반응-평점-예매할까-말까,2026-03-12
https://ambitstock.com/entry/트랜스포머-원-예매할까-말까-줄거리-내용-해외-평점-반응-애니메이션-영화-순위-개봉예정작,2026-03-12
https://ambitstock.com/entry/스마일-2-보기-전-해외-시사회-후기-관람평-결말-반응-올해-최고의-공포-영화-현재상영작,2026-03-12
https://ambitstock.com/entry/넷플릭스-시리즈-추천-돌풍-설경구-김희애-주연-화제작-1화-줄거리-요약-평점-해외-반응-순위,2026-03-12
https://ambitstock.com/entry/최애의-아이-시즌-2기-드디어-공개-원작-줄거리와-성우진-방영일정-총정리,2026-03-12
https://ambitstock.com/entry/에일리언-로물루스-그래서-그게-뭔데-영화-제목-뜻과-의미-해석,2026-03-12
https://ambitstock.com/entry/글래디에이터-Ⅱ-2-시사회-후기-평론가-관람평-반응-11월-가장-기대되는-개봉-예정작-영화,2026-03-12
https://ambitstock.com/entry/나우-유-씨미-영화-해외-평론가-로튼-토마토-후기-총정리,2026-03-11
https://ambitstock.com/entry/반지의-제왕-힘의-반지-시리즈-해외-결말-후기반응-및-리뷰-아마존-프라임-볼만한-작품-추천,2026-03-11
https://ambitstock.com/entry/넷플릭스-영화-레블리지-후기-결말-리뷰-로튼-평론가-반응-현재상영작,2026-03-11
https://ambitstock.com/entry/베테랑-2-정해인-데뷔작-부터-대표작까지-필모-총정리-잘생김주의,2026-03-11
https://ambitstock.com/entry/빌리브-뜻-정보-후기-세명의-감독이-풀어내는-요즘-대세-옴니버스-영화,2026-03-11
https://ambitstock.com/entry/더-엑소시즘The-Exorcism-관람평-포토-결말-후기배우는-죄가-없다,2026-03-11
https://ambitstock.com/entry/해외-반응-평점-이상한-변호사-우영우-표절한-일본-드라마-논란-박은빈-주연-OTT-넷플릭스-드라마-추천,2026-03-11
https://ambitstock.com/entry/넷플릭스-드라마-돌풍-결말-후기-해외-리뷰-반응을-알아보자,2026-03-11
https://ambitstock.com/entry/해외-반응-킬러들의-쇼핑몰-무빙-급-작품의-탄생인가-이동욱-2024년-OTT-넷플릭스-디즈니플러스-오리지널-드라마-추천-출연진-정보,2026-03-11
https://ambitstock.com/entry/넷플릭스-영화-추천-이동진-평론가-평점-만점작에서-찾는-인생영화-넷플릭스-시청가능-수상작품,2026-03-11
https://ambitstock.com/entry/어벤져스5-로다주-닥터둠-심층분석-마블-코믹스-원작-그는-빌런인가-영웅인가-3,2026-03-11
https://ambitstock.com/entry/넷플릭스-애니메이션-신들의-황혼-Twilight-of-the-Gods-아쉬운-평점과-의외의-반응,2026-03-11
https://ambitstock.com/entry/2024년-8월-개봉-예정작-영화-추천-한국-해외작품-총-정리,2026-03-11
https://ambitstock.com/entry/영화-아들들-SONS-관람평-평점-후기-해외-반응-제-74회-베를린국제영화제-황금곰상-노미네이션,2026-03-11
https://ambitstock.com/entry/어벤져스5-둠스데이-닥터-둠-타노스-티어-비교-그가-빌런이-된-과거배경-2,2026-03-11
https://ambitstock.com/entry/현재-상영작-추천-영화-스픽-노-이블-제목-뜻-예매할까-말까-스포-포함-줄거리-내용-평론가-평점-반응,2026-03-11
https://ambitstock.com/entry/고스트캣-앙주-개봉-관람평-포토-영어-제목-뜻-평점-로튼-평론가-후기,2026-03-11
https://ambitstock.com/entry/마블-뉴스-차기-아이언맨은-흑인-여성이다-디즈니-플러스-시리즈-아이언-하트-공개-논란-두가지,2026-03-11
https://ambitstock.com/,2026-03-11
https://ambitstock.com/entry/넷플릭스-볼만한-영화-순위-캐리온-뜻-평점-관람평-결말-후기-로튼-평론가-극찬-현재상영작,2026-03-11
https://ambitstock.com/tag/오사카 남자 혼자 여행,2026-03-11
https://ambitstock.com/entry/더-폴-디렉터스-컷-뜻-의미-해석-평점-관람평-결말-후기-포토-시대를-뛰어-넘은-색감이-미친-영화,2026-03-11
https://ambitstock.com/entry/9월-넷플릭스-영화-인기-순위-노-웨이-업-제목-뜻-의미와-평점,2026-03-11
https://ambitstock.com/entry/영화-사바하-뜻과-해외반응-리뷰-매혹적인-진흙탕같은-영화-장재현-감독-두번째-오컬트-영화-줄거리-결말-넷플릭스-OTT,2026-03-11
https://ambitstock.com/entry/넷플릭스-시리즈-완전무결한-커플-글로벌-순위-압도적-1위-로튼-평점-볼만할까,2026-03-11
https://ambitstock.com/category/영화/영화 해외반응후기,2026-03-11
https://ambitstock.com/tag/개봉예정영화,2026-03-11
https://ambitstock.com/entry/액션-영화-원-배틀-애프터-어나더-관람평-–-해외-평론가들-반응은-폭발적,2026-03-11
https://ambitstock.com/entry/지브리-스튜디오-역대-애니메이션-추천-인기-순위-로튼-기준-총정리,2026-03-11
https://ambitstock.com/entry/서바이브-2025-survive-영화-뜻-관람평-해석-예매-로튼-토마토-해외-평점,2026-03-11
https://ambitstock.com/entry/넷플릭스-영화-더-플랫폼-2-보기전-뜻-의미-로튼-반응과-전작-평점-결말-정보까지-볼지말지-알려드림,2026-03-11
https://ambitstock.com/entry/넷플릭스-영화-추천-TOP-10｜꼭-봐야-할-최고의-명작-모음-2025-최신,2026-03-11
https://ambitstock.com/entry/그-시절-우리가-좋아했던-소녀-개봉-결말-후기-평점-관람평-대만-영화-리메이크작,2026-03-11
https://ambitstock.com/entry/해리포터-시리즈-인기-순위-순서-추천-평점-TOP-8,2026-03-11
https://ambitstock.com/entry/나-혼자만-레벨업-2기-해외반응-평점-후기-평가,2026-03-11
https://ambitstock.com/entry/2024년-공포-영화-추천-인기-순위-총정리-현재상영작,2026-03-11
https://ambitstock.com/entry/2024년-7월-애니메이션-추천-최애의-아이-시즌-2기-원작-만화책-줄거리-내용-스포-포함-결말-및-후기-총정리,2026-03-11
https://ambitstock.com/entry/히트맨-2-개봉-전편-넷플릭스에서-시청가능-제목-뜻-해석-평점-후기,2026-03-10
https://ambitstock.com/entry/한채영-한보름-주연-KBS2-일일드라마-스캔들-정보-총정리-1화-2화-3화-줄거리-인물관계도-시청률,2026-03-10
https://ambitstock.com/entry/더-플랫폼-2-해외-평론가-평점-반응-넷플릭스-영화-후속작은-왜-항상-이런-결말인가,2026-03-10
https://ambitstock.com/entry/디즈니플러스-오리지널-시리즈-한국-드라마-추천-순위-TOP-10,2026-03-10
https://ambitstock.com/entry/영화-검은사제들-해외-반응-및-평점-리뷰-장재현감독-첫번째-오컬트영화-넷플릭스-OTT,2026-03-09
https://ambitstock.com/entry/넷플릭스-드라마-아무도-없는-숲속에서-해외-평점과-후기-반응-볼만한-시리즈인가,2026-03-09
https://ambitstock.com/tag/애니메이션 영화,2026-03-09
https://ambitstock.com/entry/2025-OTT-추천-점유율-순위-TOP5-넷플릭스부터-쿠팡플레이-웨이브까지요금제·할인-혜택,2026-03-08
https://ambitstock.com/entry/쇼잉-업-Showing-Up-뜻-해석-관람평-정보-출연진-결말-후기-리뷰-포토-R의-영화-총정리,2026-03-08
https://ambitstock.com/entry/조이의-탄생-JOY-평점-관람평-결말-후기-해외-반응-넷플릭스-영화-추천,2026-03-08
https://ambitstock.com/entry/디즈니-플러스-드라마-폭군-해외-평점과-인기-순위-극명히-갈린-후기반응,2026-03-08
https://ambitstock.com/entry/공포영화-늘봄가든-예매-하기-전-실제-흉가-장소-위치와-실화-괴담-후기와-평점-리뷰를-알아보자,2026-03-08
https://ambitstock.com/entry/2025년-한국-넷플릭스-영화-추천-개봉예정작-총정리,2026-03-07
https://ambitstock.com/entry/2025-넷플릭스-공개예정작-TOP-7｜한국-기대작-중심으로-싹-모았다,2026-03-07
https://ambitstock.com/entry/왕과-사는-남자-리뷰｜The-King’s-Warden-영어제목-뜻·해외-반응·결말-해석?category=1116163,2026-03-07
https://ambitstock.com/entry/메가박스-유-플러스-할인-영화-예매-통신사-중-최고-2024년-반드시-확인하자,2026-03-07
https://ambitstock.com/entry/괴수-8호-2기-원작-만화책-내용-스포-포함-줄거리-요약-정보-완벽-정리,2026-03-07
https://ambitstock.com/entry/OTT-추천-요금제·결제-비교-2025-넷플릭스-vs-디즈니플러스-어디가-더-합리적일까,2026-03-06
https://ambitstock.com/entry/현재상영작-순위-1위-베테랑-2-예매할까-영어-제목-뜻과-해외-평점-로튼-토마토-반응,2026-03-03
https://ambitstock.com/entry/더-플랫폼-2-결말-해석-줄거리-내용-스포-포함-이기적인-인간-그리고-잔혹한-시스템,2026-03-02
https://ambitstock.com/entry/더-킬러-죽음의-여왕-평점-로튼-관람평-이-영화-꼭-보셔야-겠어요,2026-03-02
https://ambitstock.com/entry/룸-넥스트-도어-시사회-결말-후기-리뷰-관람평-영화-예매-할까-말까-페드로-알모도바르-감독-수상작,2026-03-02
https://ambitstock.com/entry/일본-애니메이션-영화-룩백-예매할만-할까-제목-뜻-해외-현지-평점-후기,2026-03-02
https://ambitstock.com/entry/반지의-제왕-로히림의-전쟁-관람평-줄거리-결말-평론가-관객-엇갈린-평점,2026-03-02
https://ambitstock.com/tag/등장인물 성우,2026-03-02
https://ambitstock.com/entry/넷플릭스-영화-순위-돈-무브-볼까-말까-평점-평론가-결말-후기-관람평,2026-03-02
https://ambitstock.com/entry/엠알-나인-관람평-평점-결말-해외-반응-후기-예매-할지-말지-정해드림,2026-03-01
https://ambitstock.com/entry/섀도우의-13-결말-후기-해외-평론가-반응-넷플릭스-액션-영화-추천,2026-03-01
https://ambitstock.com/entry/시빌-워-분열의-시대-관람평-결말-후기-리뷰-포토-오징어-게임-시즌-2-와-비슷한-평점추이-정치영화,2026-03-01
https://ambitstock.com/entry/드라마-하이라키-뜻-해외-평점-반응과-리뷰-넷플릭스-순위권-시리즈-추천,2026-03-01
https://ambitstock.com/entry/크레이븐-더-헌터-뜻-관람평-시사회-후기-해외-반응-스파이더맨-유니버스,2026-03-01
https://ambitstock.com/entry/패딩턴-페루에-가다-후기-관람평-평점-아이와-볼만한-애니메이션-영화-추천,2026-03-01
https://ambitstock.com/entry/화이트-아웃Whiteout-관람평-액션·스릴러-영화｜정보·줄거리·평론가관객-후기-총정리,2026-03-01
https://ambitstock.com/entry/메멘토-뜻-의미-결말-해석-우리의-기억은-진실-되었는가-크리스토퍼-놀란-영화-추천-5,2026-02-28
https://ambitstock.com/entry/왕과사는남자-700만-돌파-이유는-흥행-분석과-디테일-정리?category=1116162,2026-02-28
https://ambitstock.com/entry/넷플릭스-영화-추천-무도실무관-볼만한가-영어-제목-뜻-해외-반응-평점-후기,2026-02-28
https://ambitstock.com/entry/라팔마-넷플릭스-드라마-평점-뜻-스포포함-결말-후기-관람평-해외-반응-재난-시리즈-추천-하나,2026-02-28
https://ambitstock.com/entry/널-기다리며-넷플릭스-등-OTT에-빠졌다-영화-로튼-토마토-평점-해외-반응,2026-02-28
https://ambitstock.com/entry/영화-에일리언-로물루스-4DX-예매-첫-SNS-시사회-해외-반응-역대-최고의-결말-스틸컷과-함께-보기,2026-02-28
https://ambitstock.com/entry/넷플릭스-요금제-할인-총정리-2025년-통신사-카드-혜택,2026-02-28
https://ambitstock.com/entry/영화-악이-도사리고-있을-때-해외-로튼-토마토-평론가-후기-결말-반응,2026-02-28
https://ambitstock.com/entry/베놈-라스트-댄스-시사회-후기-해외-관람평-리뷰반응-3부작-마지막-결말-예매-할까-말까,2026-02-28
https://ambitstock.com/entry/이-영화는-당신의-오늘을-감사함으로-채울-것-입니다-영화-이오-카피타노-해외-평론가-후기-리뷰,2026-02-28
https://ambitstock.com/entry/넷플릭스-영화-추천-레블리지-영어제목-뜻-의미와-평점-현재상영작,2026-02-28
https://ambitstock.com/entry/넷플릭스-영화-추천-하우스-오브-다이너마이트-뜻-관람평-–-캐서린-비글로우-신작-해외-평론가-극찬-총정리,2026-02-28
https://ambitstock.com/entry/마블-영화-개봉-예정-총-정리-2025년-2027년,2026-02-28
https://ambitstock.com/entry/괴수-8호-2기-제작-확정-해외-평점-및-리뷰-반응-정보-총정리-넷플릭스-볼만한-애니메이션-추천-인기-순위,2026-02-28
https://ambitstock.com/entry/이-정도면-정말-잘한-걸까-The-One-Thing을-향해-영화-위플래쉬-리뷰-2부-넷플릭스-인생-영화-추천,2026-02-28
https://ambitstock.com/entry/트론-아레스-뜻-개봉-정보·스토리-정리-할리우드-최초-한국인-주연-그레타-리-출연작,2026-02-28
https://ambitstock.com/entry/애비게일-Abigail-평점-결말-후기-관람평-리뷰-넷플릭스-최신-등록-인기-순위-영화-추천,2026-02-28
https://ambitstock.com/m/entry/강남-비-사이드-해외-반응은-평점-리뷰-후기-실화기반-디즈니-플러스-드라마/comments,2026-02-27
https://ambitstock.com/entry/슈퍼-히어로와-남런던의-만남-슈퍼-셀-해외-평점과-리뷰-반응-총정리,2026-02-27
https://ambitstock.com/entry/디즈니-플러스-드라마-폭군-시즌-2-남은-결말-떡밥으로-보는-시즌-2-스토리-예상,2026-02-27
https://ambitstock.com/tag/줄거리,2026-02-27
https://ambitstock.com/category/애니메이션?page=4,2026-02-27
https://ambitstock.com/entry/월레스와-그로밋-복수의-날개-넷플릭스-애니메이션-추천-무조건-보세요,2026-02-27
https://ambitstock.com/entry/현재상영작-영화-예매-순위-관객수-2025년-1월-TOP10,2026-02-27
https://ambitstock.com/entry/넷플릭스-예능-추천-흑백요리사-최강-최강록-출연진-영어제목-뜻-해외-반응-평점-후기-리뷰,2026-02-27
https://ambitstock.com/entry/섀도우-오브-파이어-뜻-해석-줄거리-내용-정보-일본-2차-세계대전-전쟁-영화,2026-02-26
https://ambitstock.com/category/영화/영화 정보?page=14,2026-02-26
https://ambitstock.com/entry/넷플릭스-영화-크로스-해외-평점-관람평-후기-볼만할까,2026-02-26
https://ambitstock.com/tag/오블완,2026-02-26
https://ambitstock.com/m/entry/2025년-가장-논란이-된-공포영화-웨폰Weapons-관람평-리뷰｜평론가·관객-반응-총정리/comments,2026-02-26
https://ambitstock.com/entry/영화-마이다스-맨-전설의-시작-관람평-출연진-비틀즈-매니저-브라이언-엡스타인-이야기,2026-02-25
https://ambitstock.com/entry/넷플릭스-멕시코-영화-추천-페드로-파라모-제목-뜻과-의미-해석-평점-관람평-후기,2026-02-24
https://ambitstock.com/category/드라마,2026-02-23
https://ambitstock.com/entry/슈퍼맨-더-크리스토퍼-리브-스토리-개봉-해외-평론가-시사회-후기반응,2026-02-23
https://ambitstock.com/entry/와일드-로봇-평론가-결말-후기-리뷰-관람평-애니메이션-영화-1위-예매할까-말까-딱-정해드림,2026-02-23
https://ambitstock.com/entry/드라마-LTNS-해외-반응-평점-뜻-이런-수위-높은-드라마는-처음-이솜-안재홍-주연-티빙-OTT-드라마-추천,2026-02-23
https://ambitstock.com/category/영화/R의 영화 리뷰,2026-02-23
https://ambitstock.com/category?page=66,2026-02-23
https://ambitstock.com/tag/해외 평점,2026-02-22
https://ambitstock.com/tag/시사회 후기,2026-02-22
https://ambitstock.com/tag/마블,2026-02-22
https://ambitstock.com/tag/드라마,2026-02-22
https://ambitstock.com/entry/반지의-제왕-힘의-반지-IMDB-인기-순위-평점-아마존-프라임-추천,2026-02-21
https://ambitstock.com/category/영화/마블,2026-02-21
https://ambitstock.com/entry/아케인-시즌2기-스포-유출-공개일-넷플릭스-보안-침해-사건-공식-예고편,2026-02-20
https://ambitstock.com/entry/볼만한-영화-드라마-추천-넷플릭스-시청가능-이동진-박평식-한줄평-추천작품,2026-02-20
https://ambitstock.com/tag/영화,2026-02-20
https://ambitstock.com/entry/이동진-평론가가-추천하는-별-다섯개-명작-볼만한-영화-추천-TOP-10,2026-02-20
https://ambitstock.com/tag/해외 영화,2026-02-19
https://ambitstock.com/tag/퍼렐 윌리엄스,2026-02-19
https://ambitstock.com/tag/전란,2026-02-19
https://ambitstock.com/entry/리얼-페인-뜻-출연진-정보-관람평-포토-로튼-토마토-평론가-극찬-2025년-1월-개봉-예정영화-수상작,2026-02-19
https://ambitstock.com/entry/영화-1승-시사회-관람평-줄거리-현재상영작-12월-예매-1위-송강호-박정민-출연진,2026-02-19
https://ambitstock.com/?page=7,2026-02-19
https://ambitstock.com/entry/킹스맨-시리즈-최고-작품은-무엇일까-넷플릭스-영화-추천,2026-02-19
https://ambitstock.com/entry/크리스마스에-기적을-만날-확률-관람평-결말-후기-포토-예매-고전-명작-일본-애니메이션-겨울-영화-추천,2026-02-19
https://ambitstock.com/entry/넷플릭스-파묘-공개임박-평론가-영화-추천-해외-평점-반응-리뷰-OTT-영화-인기순위,2026-02-19
https://ambitstock.com/tag/룸 넥스트 도어,2026-02-19
https://ambitstock.com/tag/애니메이션,2026-02-18
https://ambitstock.com/tag/해외 반응,2026-02-18
https://ambitstock.com/tag/해외 리뷰?page=6,2026-02-18
https://ambitstock.com/entry/2025년-해외-영화제-주요-일정-총정리-칸-베를린-베니스-토론토,2026-02-18
https://ambitstock.com/category/영화/영화 추천,2026-02-18
https://ambitstock.com/tag/넷플릭스 영화,2026-02-17
https://ambitstock.com/tag/개봉예정작,2026-02-17
https://ambitstock.com/m/entry/TVN-역대-시청률-순위-TOP-10-티빙-드라마-추천-1/comments,2026-02-17
https://ambitstock.com/tag/해외 리뷰,2026-02-17
https://ambitstock.com/tag/아이언맨,2026-02-16
https://ambitstock.com/entry/마이다스-맨-제목-뜻과-의미-비틀즈-매니저-브라이언-엡스타인-심층-분석,2026-02-16
https://ambitstock.com/entry/조명가게-해외-리뷰-스포-포함-결말후기-디즈니-플러스-강풀-웹툰-원작-드라마의-흥행,2026-02-16
https://ambitstock.com/tag/넷플릭스 영화 추천,2026-02-16
https://ambitstock.com/319,2026-02-15
https://ambitstock.com/tag/평론가 후기,2026-02-14
https://ambitstock.com/category/애니메이션,2026-02-14
https://ambitstock.com/entry/어벤져스-둠스데이-결말-닥터-둠-아이언맨-인격-관계-로다주는-돌아온다-5,2026-02-14
https://ambitstock.com/tag/넷플릭스,2026-02-14
https://ambitstock.com/entry/코미디-리벤지-보기-전-이전-작품-로얄-원숭이-해외-반응-평점-리뷰-후기,2026-02-14
https://ambitstock.com/?page=70,2026-02-14
https://ambitstock.com/tag/아리아나 그란데,2026-02-14
https://ambitstock.com/entry/2024년-뉴스-시청률-순위-지상파-종편-케이블-방송사-정치-성향-완벽정리,2026-02-13
https://ambitstock.com/entry/퇴마록-개봉-결말-후기-관람평-뜻-해석-평점-오컬트-애니메이션-영화-2부후속편-기대,2026-02-12
https://ambitstock.com/entry/조명-가게-시즌-2-공개가-절실하다-해외-반응-평점-영어제목-드라마-인기-순위-리뷰-후기,2026-02-12
https://ambitstock.com/entry/넷플릭스-시리즈-추천-아무도-없는-숲속에서-평론가-후기-추천평가,2026-02-12
https://ambitstock.com/entry/공포-영화-추천-스픽-노-이블-해외-평론가-결말-후기-반응-총정리-덴마크-원작-현재-상영작,2026-02-11
https://ambitstock.com/entry/어쩔수가없다-개봉일-해외-평론가-반응-관람평-후기-박찬욱-감독-신작,2026-02-11
https://ambitstock.com/entry/블링크-트와이스-Blink-Twice-해외-평론가-결말-후기-관람평-리뷰,2026-02-10
https://ambitstock.com/entry/위키드-Wicked-평점-영화-예매-순위-압도적-1위-결말-리뷰-2024년-최고의-영화,2026-02-10
https://ambitstock.com/entry/2024년-마블-개봉-예정작-개봉일-순으로-총-정리-feat-디즈니플러스-시리즈-공개-예정,2026-02-10
https://ambitstock.com/entry/해외-반응-평점-드라마-세작-매혹된-자들-영어제목-뜻-인물관계도-넷플릭스-OTT-보는법-조정석-신세경-주연,2026-02-10
https://ambitstock.com/entry/드라마-낮과-밤이-다른-그녀-해외-반응-후기를-알아보자-재방송정보-줄거리-시청률-인기순위-평점-리뷰-총정리,2026-02-10
https://ambitstock.com/entry/와일드-로봇-제목-뜻-의미-해석-내용-줄거리와-함께-보기-아이와-보기-좋은-애니메이션-현재-상영작,2026-02-09
https://ambitstock.com/entry/마이펫의-컴백홈-어드벤처-후기-관람평-평점-리뷰-아이와-함께-볼-애니메이션-영화,2026-02-09
https://ambitstock.com/entry/밀실-70억-예매-할까-말까-관람평-결말후기-시사회-500만-달러를-위한-50일-개봉-예정작-영화,2026-02-09
https://ambitstock.com/entry/현재-상영작-영화-탈주-해외-반응-평점-결말-후기를-알아보자-feat-관객수-손익분기점,2026-02-09
https://ambitstock.com/entry/트랜스포머-ONE-해외-평론가-결말-후기-리뷰-정보-총정리-아이와-함께-보기-좋은-하지만-부모가-더-좋아할-애니메이션-영화,2026-02-09
https://ambitstock.com/entry/길위에-김대중-개봉일-시사회-해외반응-개봉전-김대중대통령-업적-외신평가-알아보기-탄생-100주년-기념-영화개봉-예정작-현재-상영작,2026-02-09
https://ambitstock.com/entry/트렁크-시즌2-는-이렇게-된다-김려령-장편소설-원작-소설-줄거리-및-결말,2026-02-09
https://ambitstock.com/entry/현재상영작-소방관-시사회-관람평-리뷰-포토-홍제동-화재-실화기반-영화?category=1116162,2026-02-09
https://ambitstock.com/entry/트렁크-드라마-해외-반응-평점-결말-후기-인기-순위-리뷰-넷플릭스-공유-시리즈-추천,2026-02-09
https://ambitstock.com/entry/아케인-시즌2-제작영상-줄거리-넷플릭스-유출-사건-이전에도-비슷한-사건들이-있었다고,2026-02-09
https://ambitstock.com/entry/어프렌티스-시사회-후기-관람평-결말-리뷰-악마에게서-연민을-느끼다,2026-02-09
https://ambitstock.com/entry/아케인-시즌-2-볼까-말까-압도적-평론가-평점-넷플릭스-추천-순위,2026-02-08
https://ambitstock.com/m/entry/빌리브-뜻-정보-후기-세명의-감독이-풀어내는-요즘-대세-옴니버스-영화/comments,2026-02-08
https://ambitstock.com/m/entry/2025년-1월-개봉예정작-총정리-영화-추천-순위-TOP10/comments,2026-02-08
https://ambitstock.com/entry/SBS-드라마-굿-파트너-볼-만할까-해외-반응-후기-평점을-알아보자-등장인물관계도-시청률-줄거리-제목-뜻-몇부작-OTT-재방송-다시보기,2026-02-08
https://ambitstock.com/tag/악이 도사리고 있을 때,2026-02-08
https://ambitstock.com/m/entry/2025년-9월-개봉예정작-영화-추천-한국-해외-화제작/comments,2026-02-08
https://ambitstock.com/tag/현재 상영작,2026-02-08
https://ambitstock.com/entry/언데드-다루는-법-관람평-포토-뜻-해석-개봉-정보-로튼-평론가-관객-엇갈린-평점,2026-02-08
https://ambitstock.com/entry/체인소-맨-레제편-박스오피스-1위-영화-예매-순위-돌풍｜보스·박찬욱-신작-제치고-정상-등극,2026-02-08
https://ambitstock.com/entry/모아나-2-뜻-의미-시사회-후기-관람평-기대보다-걱정이-앞서는-디즈니-신작-영화,2026-02-07
https://ambitstock.com/entry/일본-도쿄-여행-가기전-지브리-영화-애니메이션-순서대로-개봉-인기순위-뿌수기-2,2026-02-07
https://ambitstock.com/entry/영화-리볼버-심상치-않은-시사회-반응-평점-후기-뜻-줄거리-출연진-쿠키-영상,2026-02-07
https://ambitstock.com/entry/롱레그스-뜻-의미-줄거리-내용과-함께-알아보는-영화-결말-해석-리뷰-시리즈,2026-02-07
https://ambitstock.com/entry/조커-2-폴리-아-되-제목-뜻-의미-Folie-à-Deux-줄거리-내용과-연관관계-심층분석,2026-02-07
https://ambitstock.com/tag/공포 영화,2026-02-06
https://ambitstock.com/entry/넷플릭스-영화-추천-전란-Uprising-뜻-의미-해석-평점-10월-한국-인기순위-1위-해외-반응은,2026-02-05
https://ambitstock.com/entry/미키-17-시사회-평론가-후기반응-예고편-드디어-개봉일-확정-봉준호-영화-추천-개봉예정작,2026-02-05
https://ambitstock.com/tag/넷플릭스 시리즈,2026-02-05
https://ambitstock.com/entry/오징어-게임-시즌2-관람평-결말-후기-리뷰-로튼-토마토-평론가-평점-해외-외신-반응-재미와-실망사이,2026-02-05
https://ambitstock.com/entry/넷플릭스-시리즈-추천-경성크리처-시즌-2-공개-뜻-줄거리-내용-이번에도-일본-평점테러-논란-생길까,2026-02-05
https://ambitstock.com/entry/2024년-2025년-넷플릭스-공개-개봉-예정작-오리지널-시리즈-영화-추천-라인업,2026-02-05
https://ambitstock.com/tag/현재 상영작?page=3,2026-02-03
https://ambitstock.com/entry/아이들과-보기-좋은-영화-명탐정코난-100만-달러의-펜타그램-줄거리-일본-현지-반응과-해외-평점-결말-후기-쿠키-현재상영작-1위,2026-02-03
https://ambitstock.com/entry/넷플릭스-추천-흑백요리사-순위-비영어권-1위-해외-후기-리뷰-심사위원-반응-우승자는-누구인가,2026-02-03
https://ambitstock.com/tag/베테랑,2026-02-02
https://ambitstock.com/tag/OTT,2026-02-02
https://ambitstock.com/entry/넷플릭스-영화-인기-순위-TOP-10-원더우먼-1984-볼까-말까-해외-평론가-후기-로튼토마토-평점,2026-02-01
https://ambitstock.com/entry/노스페라투-관람평-포토-결말-후기-뜻-해석-1월-공포영화는-무조건-이-작품,2026-01-31
https://ambitstock.com/entry/워너브라더스-파라마운트-인수-제안-거절｜“제시액-너무-낮다”-인수-협상-결렬,2026-01-31
https://ambitstock.com/entry/영화-데드풀과-울버린-해외-시사회-반응-평가-평점-후기-마블-현재-상영작-추천-로튼-토마토-신선도-재미-보증-마크-획득,2026-01-31
https://ambitstock.com/tag/리뷰,2026-01-31
https://ambitstock.com/tag/디즈니 플러스,2026-01-31
https://ambitstock.com/?page=6,2026-01-31
https://ambitstock.com/entry/사일런트-러브-뜻-관람평-결말-후기-포토-말할-수-없는-소년과-시력을-잃은-소녀,2026-01-31
https://ambitstock.com/tag/로튼 토마토,2026-01-31
https://ambitstock.com/entry/넷플릭스-현재상영작-인기-순위-추천-경성크리처-시즌-2-결말-후기-리뷰-벌써부터-시즌-3-기대-해외-반응,2026-01-31
https://ambitstock.com/entry/미스터-플랑크톤-해외-시청자-후기-리뷰-평점-넷플릭스-한국-드라마-추천-극찬일색-평가,2026-01-29
https://ambitstock.com/m/entry/체인소-맨-1위-레제편-흥행-질주｜MAPPA-작품-굿즈-대란까지-한-번에-정리/comments,2026-01-29
https://ambitstock.com/entry/섀도우의-13-제목-뜻-의미-해석-줄거리-내용-The-Shadow-Strays-액션-영화-추천,2026-01-28
https://ambitstock.com/entry/이매지너리-평론가-후기-리뷰-정보-시리즈-2-3편은-어쩌려고-스틸컷과-함께-보자,2026-01-28
https://ambitstock.com/entry/더러운-돈에-손대지-마라-출연진-정보-등장인물-개봉-후-좋지-못한-관람평-해외-시사회-후기-리뷰도-함께-보자,2026-01-27
https://ambitstock.com/entry/영화-탈출-프로젝트-사일런스-해외-평점과-외국-반응-결말-후기-재미있을까,2026-01-27
https://ambitstock.com/tag/명작 영화 추천,2026-01-27
https://ambitstock.com/m/entry/글래디에이터-Ⅱ-2-시사회-후기-평론가-관람평-반응-11월-가장-기대되는-개봉-예정작-영화/comments,2026-01-26
https://ambitstock.com/entry/하얼빈-천만영화되나-결말-후기-해외-평론가-로튼-토마토-반응-스포-포함-영화-예매-순위-1위-현재상영작,2026-01-26
https://ambitstock.com/m/entry/렛미인-영화-재개봉-줄거리-내용-뜻-해석-역대-최고의-뱀파이어-영화-평론가-극찬-후기/comments,2026-01-26
https://ambitstock.com/entry/넷플릭스-영화-추천-2024년-9월-인기-작품-순위-TOP-10-총정리,2026-01-26
https://ambitstock.com/category/영화?page=52,2026-01-26
https://ambitstock.com/entry/미키-17-제목-뜻-원작-줄거리-내용-해석-2025년-최고-기대작-개봉예정영화,2026-01-26
https://ambitstock.com/entry/그해-크리스마스에는-넷플릭스-애니메이션-영화-평점-관람평-정보-겨울-영화-추천-feat-애드-시런-ost,2026-01-26
https://ambitstock.com/entry/넷플릭스-더-인플루언서-뜻-해외-시청자들의-평점과-후기반응은-어떨까,2026-01-26
https://ambitstock.com/category/영화?page=56,2026-01-26
https://ambitstock.com/entry/2024년-6월-대한민국-지상파-방송-시청률-순위-TOP-10,2026-01-25
https://ambitstock.com/m/entry/더-엑소시즘The-Exorcism-관람평-포토-결말-후기배우는-죄가-없다/comments,2026-01-25
https://ambitstock.com/entry/하얼빈-시사회-관람평-리뷰-포토-토론토-국제-영화제-해외-평론가-반응-결말-후기-개봉예정작,2026-01-25
https://ambitstock.com/entry/나-혼자만-레벨업-리어웨이크닝-관람평-시즌-2-정보-평점-해외-반응-반응,2026-01-25
https://ambitstock.com/entry/밀레니엄-맘보-정보-뜻-출연진-평점-결말-관람평-포토-백-투더-2000,2026-01-25
https://ambitstock.com/entry/더-퍼스트-슬램덩크-재개봉-뜻-해석-로튼-해외-반응-100-일본-애니메이션-스포츠-영화의-정점,2026-01-24
https://ambitstock.com/tag/찰리와 초콜릿 공장,2026-01-24
https://ambitstock.com/entry/영화-트위스터스-로튼-토마토-해외-평론가-반응-결말-후기,2026-01-24
https://ambitstock.com/tag/티모시 샬라메,2026-01-24
https://ambitstock.com/entry/칸-영화제-수상작-모든-것은-아르망에서-시작되었다-Armand-해외-반응-평론가-시사회-후기-관람평,2026-01-24
https://ambitstock.com/entry/인사이드-아웃-2-디즈니-플러스-영화-추천-공개-예정작-드림-프로덕션까지,2026-01-23
https://ambitstock.com/entry/헬보이-크룩드-맨-관람평-뜻-포토-결말-정보-평점-헬보이의-귀환-하지만-불시착,2026-01-23
https://ambitstock.com/entry/넷플릭스-시리즈-추천-지옥-시즌-2-출연진-등장인물-유아인-김성철-문근영,2026-01-23
https://ambitstock.com/tag/해외 후기,2026-01-23
https://ambitstock.com/entry/미키-17-관람평-정보-시사회-해외-반응-후기-포토-개봉일-또-다시-연기-이유는-흥행-걱정-개봉예정작,2026-01-23
https://ambitstock.com/entry/영화-트위스터스-뜻-해외-반응-및-로튼토마토-평론가-평점-미나리-정이삭-감독-작품-등장인물-배우-캐스팅-정보-개봉일,2026-01-23
https://ambitstock.com/entry/영화-빅토리-시사회-반응-평점-후기-혜리-출연작-볼만할까-현재상영작,2026-01-23
https://ambitstock.com/entry/조커-2-폴리-아-되-vs-트랜스포머-ONE-vs-베테랑-2-순위-딱-정해드림-볼만한-영화-예매-추천,2026-01-22
https://ambitstock.com/entry/고-이선균-유작-영화-탈출-프로젝트-사일런스-개봉일부터-스틸컷-등장인물-줄거리까지-총정리,2026-01-22
https://ambitstock.com/entry/넷플릭스-영화-가족이라서-문제입니다-볼만한-영화인가-해외-평점-리뷰-반응,2026-01-20
https://ambitstock.com/tag/현재상영작,2026-01-20
https://ambitstock.com/entry/별들에게-물어봐-평점-리뷰-인기-순위-영어제목-심상치-않은-호평-해외-반응-후기,2026-01-18
https://ambitstock.com/entry/베테랑-2-빌런-악역-출연진-개봉일-정보-얼굴이-재밌는-정해인-스틸컷-모음-베테랑-3도,2026-01-15
https://ambitstock.com/m/entry/월레스와-그로밋-복수의-날개-넷플릭스-애니메이션-추천-무조건-보세요/comments,2026-01-15
https://ambitstock.com/entry/모노노케-히메-뜻-결말-해석-재개봉-원령공주라는-제목은-무슨-의미일까,2026-01-09
https://ambitstock.com/m/entry/와일드-로봇-로튼-토마토-평론가-평점-시사회-해외-반응-단언컨대-올해-최고의-애니메이션-영화-현재상영작/comments,2026-01-09
https://ambitstock.com/m/entry/서브스턴스-뜻-의미-해외-시사회-관람평-정보-2024년-12월-영화-개봉-예정작/comments,2026-01-06
https://ambitstock.com/tag/영화?page=3,2026-01-06
https://ambitstock.com/tag/넷플릭스?page=19,2026-01-06
https://ambitstock.com/entry/나의-히어로-아카데미아-더-무비-유어-넥스트-시사회-후기-관람평-해외-반응-압도적-로튼-토마토-평점-애니메이션-영화-추천,2026-01-06
https://ambitstock.com/archive/20240629?page=1,2026-01-05
https://ambitstock.com/entry/북한-도발-오물-풍선-비행기-납치실화-영화-하이재킹-정보와-평점-및-평가-현재-상영작,2026-01-05
https://ambitstock.com/entry/넷플릭스-시청가능-원더랜드-뜻-의미-박보검-주연-해외-평점과-후기반응은,2026-01-05
https://ambitstock.com/entry/애니멀-킹덤-관람평-포토-뜻-해석-로튼-평점-신선도-보증-프랑스-영화,2026-01-05
https://ambitstock.com/tag/영화 추천?page=3,2026-01-04
https://ambitstock.com/entry/흑백요리사-해외-반응-대박-떡상-넷플릭스-순위-추천-2주차-5화-6화-7화-공개-리뷰?category=1108875,2025-12-31
https://ambitstock.com/tag/해외반응?page=2,2025-12-28
https://ambitstock.com/23,2025-12-26
https://ambitstock.com/tag/리뷰?page=2,2025-12-19
https://ambitstock.com/category/영화/영화 해외반응후기?page=16,2025-12-18
https://ambitstock.com/m/category/드라마,2025-12-18
https://ambitstock.com/entry/TOP20-영화-추천-OTT-다시보기-보는-곳-총정리-역대-박스오피스-관객-수-흥행-순위?category=1116162,2025-12-17
https://ambitstock.com/tag/시청률,2025-12-17
https://ambitstock.com/m/entry/넷플릭스-영화-추천-이동진-박평식-평론가-순위-TOP-20-2025,2025-12-17
https://ambitstock.com/entry/영화-범죄도시-4-개봉일-출연진-빌런-예고편-범죄도시-2-해외-평점-및-리뷰-반응-다시보기-역대-한국-박스오피스-순위-시리즈-2편,2025-12-15
https://ambitstock.com/entry/또-반일-감정이야-미국과-엇갈리는-일본-반응-애니메이션-나-혼자만-레벨업-해외-평점-넷플릭스-OTT-일본어-더빙-다시보기-보는법,2025-12-14
https://ambitstock.com/category?page=67,2025-12-13
https://ambitstock.com/category?page=4,2025-12-13
https://ambitstock.com/tag/미키 17,2025-12-09
https://ambitstock.com/tag/영화 추천,2025-12-08
https://ambitstock.com/tag/순위,2025-12-08
https://ambitstock.com/m/entry/넷플릭스-영화-추천-어글리-볼만한가-제목-뜻-해외-평점-시즌-2부-후속작도/comments,2025-12-05
https://ambitstock.com/entry/비버리-힐즈-캅-엑셀-F-4-볼만-한지-딱-정해줌-넷플릭스-영화-추천-인기-순위-1위-평점-결말-후기-해외-반응-차기작,2025-12-01
https://ambitstock.com/entry/넷플릭스-영화-추천-나우-유-씨미-시리즈-해외-평점-평론가-후기-후속작까지-총정리-1-1,2025-11-28
https://ambitstock.com/category/영화/영화 해외반응후기?page=29,2025-11-20
https://ambitstock.com/category/영화/영화 해외반응후기?page=31,2025-11-20
https://ambitstock.com/tag/공개 예정작?page=1,2025-11-20
https://ambitstock.com/entry/영화-파르테노페-관람평-후기-파올로-소렌티노-신작-해외-평론가·관객-반응,2025-11-19
https://ambitstock.com/category?page=13,2025-11-19
https://ambitstock.com/category?page=12,2025-11-19
https://ambitstock.com/category?page=10,2025-11-19
https://ambitstock.com/category/영화/영화 해외반응후기?page=1,2025-11-15
https://ambitstock.com/m/entry/기대되는-영화-개봉예정작-개봉일부터-시사회-후기반응까지-총-정리-TOP-6/comments,2025-11-15
https://ambitstock.com/entry/해외-반응-넷플릭스-영화-황야-영어-제목처럼-나쁘다-관람평점-OTT-현재-상영작?category=1116163,2025-11-15
https://ambitstock.com/m/entry/노스페라투-관람평-포토-결말-후기-뜻-해석-1월-공포영화는-무조건-이-작품/comments,2025-11-11
https://ambitstock.com/category/영화?page=46,2025-11-10
https://ambitstock.com/m/entry/미키-17-관람평-정보-시사회-해외-반응-후기-포토-개봉일-또-다시-연기-이유는-흥행-걱정-개봉예정작/comments,2025-11-10
https://ambitstock.com/m/entry/어쩔수가없다-개봉일-해외-평론가-반응-관람평-후기-박찬욱-감독-신작/comments,2025-11-10
https://ambitstock.com/entry/어벤저스-5-메인-빌런-캉에-대한-모든것-히어로만-60명-아이언맨-복귀는-해외-반응과-개봉-정보-총정리-OTT-다시보기?category=1116164,2025-11-09
https://ambitstock.com/entry/시멘트-주먹-마동석-영화-추천-범죄도시-4-해외-평론가-평점-및-리뷰-반응,2025-11-08
https://ambitstock.com/tag/OTT?page=3,2025-11-08
https://ambitstock.com/category/영화/영화 정보?page=10,2025-11-08
https://ambitstock.com/entry/해외-반응-웹툰-원작이-더-좋다-드라마-내-남편과-결혼해줘-리뷰-평점-시청률-78-등장인물관계-티빙-넷플릭스-다시보기-몇부작?category=1108875,2025-11-07